INSERT INTO regions (region_code, region_name) VALUES
('EAST', '华东'),
('SOUTH', '华南'),
('NORTH', '华北'),
('WEST', '西部');

INSERT INTO customers (customer_id, customer_name, customer_level) VALUES
(1001, '星辰商贸', 'VIP'),
(1002, '远航零售', 'A'),
(1003, '启明百货', 'A'),
(1004, '海纳企业', 'B'),
(1005, '新域连锁', 'VIP'),
(1006, '华腾供应链', 'B');

INSERT INTO products (product_id, product_name, category_name) VALUES
(2001, '云帆耳机', '数码'),
(2002, '极光鼠标', '数码'),
(2003, '远山咖啡杯', '家居'),
(2004, '星火台灯', '家居'),
(2005, '轻风背包', '箱包'),
(2006, '深蓝水杯', '家居');

INSERT INTO orders (order_id, order_date, customer_id, product_id, region_code, quantity, unit_price, order_amount) VALUES
(30001, DATE '2026-04-05', 1001, 2001, 'EAST', 3, 199.00, 597.00),
(30002, DATE '2026-04-08', 1002, 2003, 'SOUTH', 8, 59.00, 472.00),
(30003, DATE '2026-04-12', 1003, 2002, 'NORTH', 5, 129.00, 645.00),
(30004, DATE '2026-04-18', 1004, 2004, 'WEST', 4, 169.00, 676.00),
(30005, DATE '2026-04-25', 1005, 2005, 'EAST', 2, 299.00, 598.00),
(30006, DATE '2026-05-03', 1006, 2006, 'SOUTH', 10, 49.00, 490.00),
(30007, DATE '2026-05-07', 1001, 2002, 'EAST', 6, 129.00, 774.00),
(30008, DATE '2026-05-11', 1002, 2004, 'NORTH', 3, 169.00, 507.00),
(30009, DATE '2026-05-17', 1003, 2001, 'SOUTH', 4, 199.00, 796.00),
(30010, DATE '2026-05-22', 1004, 2005, 'WEST', 2, 299.00, 598.00),
(30011, DATE '2026-05-28', 1005, 2003, 'EAST', 12, 59.00, 708.00),
(30012, DATE '2026-06-02', 1006, 2004, 'NORTH', 5, 169.00, 845.00),
(30013, DATE '2026-06-06', 1001, 2006, 'EAST', 14, 49.00, 686.00),
(30014, DATE '2026-06-10', 1002, 2001, 'SOUTH', 3, 199.00, 597.00),
(30015, DATE '2026-06-15', 1003, 2005, 'WEST', 4, 299.00, 1196.00),
(30016, DATE '2026-06-21', 1004, 2002, 'EAST', 7, 129.00, 903.00),
(30017, DATE '2026-06-27', 1005, 2004, 'NORTH', 6, 169.00, 1014.00),
(30018, DATE '2026-07-01', 1006, 2003, 'SOUTH', 9, 59.00, 531.00),
(30019, DATE '2026-07-03', 1001, 2001, 'EAST', 5, 199.00, 995.00),
(30020, DATE '2026-07-05', 1002, 2002, 'EAST', 8, 129.00, 1032.00),
(30021, DATE '2026-07-08', 1003, 2005, 'SOUTH', 3, 299.00, 897.00),
(30022, DATE '2026-07-10', 1004, 2004, 'WEST', 6, 169.00, 1014.00),
(30023, DATE '2026-07-12', 1005, 2006, 'NORTH', 15, 49.00, 735.00),
(30024, DATE '2026-07-15', 1006, 2003, 'EAST', 11, 59.00, 649.00);
